<beans xmlns="http://www.springframework.org/schema/beans"
	xmlns:xsi="http://www.w3.org/2001/XMLSchema-instance" xmlns:p="http://www.springframework.org/schema/p"
	xmlns:aop="http://www.springframework.org/schema/aop" xmlns:context="http://www.springframework.org/schema/context"
	xmlns:jee="http://www.springframework.org/schema/jee" xmlns:tx="http://www.springframework.org/schema/tx"
	xmlns:task="http://www.springframework.org/schema/task"
	xsi:schemaLocation="http://www.springframework.org/schema/aop http://www.springframework.org/schema/aop/spring-aop-3.2.xsd http://www.springframework.org/schema/beans http://www.springframework.org/schema/beans/spring-beans-3.2.xsd http://www.springframework.org/schema/context http://www.springframework.org/schema/context/spring-context-3.2.xsd http://www.springframework.org/schema/jee http://www.springframework.org/schema/jee/spring-jee-3.2.xsd http://www.springframework.org/schema/tx http://www.springframework.org/schema/tx/spring-tx-3.2.xsd http://www.springframework.org/schema/task http://www.springframework.org/schema/task/spring-task-3.2.xsd">
 
	  <!--creating bean for Organizer -->
	  
	<bean id="singer" class="com.ust.training.model.Singer">
	
		<constructor-arg value = "Thriller"/> 
	
	</bean>
	
	<!--creating bean for Saxophone -->
	
	<bean id="saxophoneRef" class="com.ust.training.model.Saxophone"/>
	<bean id="instrumentaListRef" class="com.ust.training.model.InstrumentaList">
	
	<property name="saxophone"  ref="saxophoneRef"/>
	
	</bean>
	<!--creating bean for Instruments --> 
	
	<bean id="fluet" class="com.ust.training.model.Fluet"/>
	<bean id="saxaphone" class="com.ust.training.model.Saxophone"/>
	<bean id="guitar" class="com.ust.training.model.Guitar"/>
	
	<bean id="oneManBandref" class="com.ust.training.model.OneManBand">
	<property name="instruments"  >
	
	<list>
            <ref bean = "fluet"/>
            <ref bean = "saxaphone"/>
            <ref bean = "guitar"/>
            
         </list>
      </property>  
	</bean>
</beans>

	 
	  
	